[{"model": "posts.post", "pk": 1, "fields": {"author": 1, "type": "posts", "date": "2025-03-01T09:18:39.729Z", "title": "Винни", "text": "Винни (Vinnie) (21 год) — мышь-байкер с белой шерстью, едущий в группе мышей обычно с правого фланга. В отличие от его товарищей, его мотоцикл больше похож на спортбайк. По характеру смелый, бесстрашный, влюблённый в жизнь и принимающий её со всеми опасностями, а также исполненный нескончаемой энергии и уверенный в себе. Зачастую его самомнение может немного раздражать окружающих, а его импульсивность становится настоящей проблемой. Винни определённо выделяется среди братьев не только из-за его постоянного напоминания о собственном превосходстве. Он имеет отточенный, яркий характер, который контрастирует с характерами Дросселя и Модо. Они имеют тенденцию проявлять осторожность, попадая в опасные ситуации, Винни, напротив, смело рвётся вперёд, пропуская все предостережения мимо ушей. Когда Модо нетороплив и расслаблен, Винни остаётся в состоянии постоянного напряжения. Когда Дроссель мрачен, Винни беззаботен. Естественно, Винни часто затмевает обоих братьев и переводит всё внимание на себя. Если для его друзей существуют ситуации, когда они немного застенчивы, то Винни всегда остаётся нахальным и смелым. В нём пылает огонь жизни, а его сердце переполнено адреналином. Несмотря на всё это, он остаётся хорошим парнем. В результате единственной удачной (за весь сериал) атаки Чумазоида, Винни теперь обладатель метало-пластиковой маски на пол лица.", "rating": 1}}, {"model": "posts.post", "pk": 2, "fields": {"author": 2, "type": "posts", "date": "2025-03-01T09:26:08.447Z", "title": "Модо", "text": "Модо (Modo) (23 года) — мышь-байкер с серой шерстью, повязкой на глазу и стальной правой рукой. Он является основной мускульной силой команды мышей-байкеров с Марса, но, однако, ему чужды атрибуты типичных тупых качков, за малословностью скрывается живой ум, умудрённый жизненным опытом. Трудно найти более любезную и мягкую мышь, чем он. Естественно, его доброта не распространяется на плутаркианцев и крыс, которыми он с удовольствием вытер бы пол. Модо по росту на голову выше Дросселя, и уж тем более встречающихся ему людей. От вершин его антенн до кончиков пальцев его лап, Модо имеет физическую форму культуриста. Модо — один из тех персонажей, очарование которых основано на их особенностях. Он является самым сильным в команде мышей-байкеров, оставаясь при этом нежным; самым старшим, и в то же время искренним, как ребёнок. Несмотря на некоторые недостатки внешности, обладает сильнейшим шармом и неким романтизмом. Модо остаётся привязанным к дорожному образу жизни мотоциклиста, в то время как мог бы остепениться и создать семью.", "rating": 1}}, {"model": "posts.post", "pk": 3, "fields": {"author": 1, "type": "news", "date": "2025-03-01T10:02:12.238Z", "title": "Находчивый робот-доставщик сбежал от похитителей в США", "text": "Они могут показаться безобидными, когда катятся по улице с чьим-то заказом, но имейте в виду: с роботами-доставщиками еды связываться не следует. Двое воров усвоили этот урок на собственном горьком опыте. Serve Robotics занимается доставкой еды с помощью роботов-курьеров для сервиса Uber Eats в Лос-Анджелесе. В Лос-Анджелесе двое мужчин попытались, но не смогли украсть робота, которым владеет и управляет компания Serve Robotics,  сообщает 404media. Эти роботы доставляют еду для Uber Eats. Но одно злоумышленники не учли: робот был оснащен камерами и зафиксировал весь инцидент.Serve Robotics поделился отснятым материалом с Департаментом полиции Лос-Анджелеса, и полиция смогла отследить и арестовать подозреваемых, которые позже были осуждены.", "rating": 4}}, {"model": "posts.post", "pk": 4, "fields": {"author": 3, "type": "posts", "date": "2025-03-04T13:48:23.797Z", "title": "Дроссель", "text": "Дроссель (Throttle), приятный, любезный Дроссель (в некоторых переводах Тротл) (23 года) — мышь-байкер с рыжей шерстью, одетый в кожу и в очках. Дроссель чрезвычайно способный лидер команды мышей-байкеров с Марса. И в действии, и во взглядах, он наиболее успешный мотоциклист, способный отстаивать свою позицию даже в борьбе.\nОбучающийся с подростковых лет, чтобы стать преемником Стокера (Stoker) в качестве лидера «Борцов за свободу» (Freedom Fighters) (позже возглавляемых Карабин, девушкой Дросселя), он имеет естественный талант к управлению командой. Он берёт на себя ответственность за нахождение решения в любой ситуации. Если мыши-байкеры оказываются втянутыми в сражение, Дроссель знает, что делать, он оценивает ситуацию и выбирает наилучшую стратегию.\nПо характеру Дроссель находится где-то между двумя другими братьями. Он не столь гиперактивный, как Винни, и не такой спокойный и непринужденный, как Модо. Иногда этот факт уводит его на второй план по отношению к его братьям, особенно учитывая особенность Дросселя не говорить того, что не является подходящим или важным. Дроссель — единственный, кто продемонстрировал способность к телепатии — при помощи своих антенн «просветил» Чарли насчёт истории их команды при первом знакомстве.", "rating": 0}}, {"model": "posts.post", "pk": 5, "fields": {"author": 4, "type": "posts", "date": "2025-03-12T06:57:33.262Z", "title": "Чарли", "text": "Чарли (Charlene «Charley» Davidson), первый человек, повстречавший мышей-байкеров, лучший механик во всём Чикаго и одна из немногих осведомлённых о планах плутаркийцев по хищению природных ресурсов Земли. Чарли умна, изобретательна, обладает острым, как бритва, чувством юмора. Она помогает мышам-байкерам, прибывшим в Чикаго, в их сражениях против Лоуренса Лимбургера, не говоря уже о её личной борьбе с бытовыми земными трудностями.\n\nЧарли встречает мышей-байкеров ночью. Один из приспешников Лимбургера, Чумазоид, пытается её вынудить подписать договор о передаче её гаража плутаркийцам. В этот момент Винни заходит к ней в надежде найти механика, чтобы тот починил мотоцикл Дросселя. Придя к ней, он и подоспевшие вовремя братья свели шансы злодея украсть её собственность к нулю. Мыши рассказали Чарли о плутаркийцах, и она показала им, что инопланетные пришельцы давно уже были здесь. С этого дня Чарли стала самым доверенным и дорогим другом мышей-байкеров с Марса.", "rating": 0}}, {"model": "posts.post", "pk": 6, "fields": {"author": 4, "type": "posts", "date": "2025-03-12T07:33:08.835Z", "title": "Саундтрек к МБМ", "text": "В 1994 году был выпущен альбом Biker Mice From Mars: Original Soundtrack. Альбом содержит 10 композиций общей длительностью около 40 минут. Над альбомом работал американский музыкант Джефф Скотт Сото.", "rating": 0}}, {"model": "posts.post", "pk": 7, "fields": {"author": 4, "type": "posts", "date": "2025-03-12T07:34:15.102Z", "title": "Игры по МБМ", "text": "Гоночный автосимулятор, основанный на идее мультсериала был издан Konami для консоли SNES в 1994 году.\n\nКомпания Creat Studio представила на КРИ 2006 игру по мотивам сериала и получила награду в номинации Лучшая игра для игровых консолей. Она была выпущена для приставок Sony Playstation 2 и Nintendo DS.", "rating": 0}}, {"model": "posts.post", "pk": 8, "fields": {"author": 4, "type": "posts", "date": "2025-03-12T07:34:56.485Z", "title": "Планы по перезапуску МБМ", "text": "В январе 2023 года компания Nacelle сообщила, что приобрела права и планирует выпустить новую линию игрушек и перезапустить мультфильм", "rating": 0}}, {"model": "posts.post", "pk": 9, "fields": {"author": 4, "type": "posts", "date": "2025-03-12T08:15:41.105Z", "title": "1 из 7 фактов о МБМ", "text": "В серии «Rock and Ride!» фигурирует робот «Ликвидатор», который произносит фразу «Hasta la vista» перед погоней за главными героями, а в конце этой серии Дроссель подстраивает его падение в расплавленный металл, при этом робот произносит фразу «I'll be back». Эта серия — прямая ссылка на фильмы о Терминаторе.", "rating": 0}}, {"model": "posts.post", "pk": 10, "fields": {"author": 4, "type": "posts", "date": "2025-03-12T08:16:16.200Z", "title": "2 из 7 фактов о МБМ", "text": "Многие из главных актеров сериала \"Беверли-Хиллз, 90210\" появились в мультике в гостевых ролях.", "rating": 0}}, {"model": "posts.post", "pk": 11, "fields": {"author": 4, "type": "posts", "date": "2025-03-12T08:16:57.426Z", "title": "3 из 7 фактов о МБМ", "text": "Персонаж \"Злоглазый долгоносик\" был пародией на Ивела Книвела и Элвиса Пресли.", "rating": 0}}, {"model": "posts.post", "pk": 12, "fields": {"author": 4, "type": "posts", "date": "2025-03-12T08:17:41.854Z", "title": "4 из 7 фактов о МБМ", "text": "Создатели мультфильма вдохновлялись сериями \"Безумный Макс\" и \"Черепашки-ниндзя\".", "rating": 0}}, {"model": "posts.post", "pk": 13, "fields": {"author": 4, "type": "posts", "date": "2025-03-12T08:18:06.023Z", "title": "5 из 7 фактов о МБМ", "text": "Marvel Comics опубликовал серию из трех выпусков про мышей-рокеров в начале 1990-х годов.", "rating": 0}}, {"model": "posts.post", "pk": 14, "fields": {"author": 4, "type": "posts", "date": "2025-03-12T08:18:38.855Z", "title": "6 из 7 фактов о МБМ", "text": "Британский мультфильм \"Пингвины-мстители\", премьера которого состоялась в том же году, является аналогом \"Мышей-байкеров...\". Мультфильм рассказывает о трех пингвинах-велосипедистах, которые защищают Большой город и его жителей от злого безумца и ученого-затворника.", "rating": 0}}, {"model": "posts.post", "pk": 15, "fields": {"author": 4, "type": "posts", "date": "2025-03-12T08:19:39.761Z", "title": "7 из 7 фактов о МБМ", "text": "В 2006 году компания Creat Studio представила игру по мотивам сериала и получила награду в номинации \"Лучшая игра для игровых консолей\". Она была выпущена для приставок Sony Playstation 2 и Nintendo DS.", "rating": 0}}, {"model": "posts.post", "pk": 16, "fields": {"author": 1, "type": "news", "date": "2025-03-13T10:00:26.226Z", "title": "Rise of the Ronin is another crappy PC port, performance patch coming 'soon'", "text": "Widespread problems with stuttering, low frame rates, and sub-par graphics have saddled Rise of the Ronin with a \"mixed\" rating on Steam.\n\nRise of the Ronin arrived on Steam this week, a year after its debut on PlayStation 5, and I'm sorry to say it's not going well, as players are reporting serious performance problems with the game. Koei Tecmo says it's now \"investigating\" the reports and working on a patch that will hopefully \"fix or improve some of these issues.\"\n\nThere doesn't seem to be any singular, consistent issue driving the complaints, beyond that it just doesn't run well at all, even on relatively high-end PCs. Common issues include stuttering, low and inconsistent frame rates, crashes, and input delays; making matters worse, numerous players complain the game really doesn't look great, even with graphical settings cranked up. The net result is a \"mixed\" rating on Steam, where just 44% of user reviews are positive.", "rating": 0}}, {"model": "posts.post", "pk": 17, "fields": {"author": 2, "type": "news", "date": "2025-03-13T10:11:45.247Z", "title": "Spectre Divide and its studio are shutting down after just six months: 'The industry is in a tough spot right now'", "text": "The game will close within 30 days, and refunds will be granted on purchases made after the launch of season 1.\n\nFree-to-play FPS Spectre Divide will close within 30 days, and developers Mountaintop Studios will be disbanded by the end of the week. The news comes only six months after the promising 3v3 shooter launched on Steam, and just a fortnight after its first season launched alongside a new PlayStation version.\n\nIn a letter signed by Mountaintop Studios CEO Nate Mitchell and the team, low uptake since the launch of that first season is one of the reasons for the closure. \"Unfortunately, the Season 1 launch hasn't achieved the level of success we needed to sustain the game and keep Mountaintop afloat,\" the letter reads.\n\nIt also alludes to the game's player count trajectory: it debuted with around 400,000 players in its first week and a peak of 10,000 concurrents, but admits that these figures have steadily dropped since launch. On Steamcharts.com, the game has a peak of 1,083 players in February, with a 263.1 average.", "rating": 0}}, {"model": "posts.post", "pk": 18, "fields": {"author": 3, "type": "news", "date": "2025-03-13T10:12:55.575Z", "title": "Parents are suing Epic over Fortnite item shop 'FOMO' timers they say are inaccurate and manipulative", "text": "First reported by Polygon, two parents in the US are suing Epic Games over limited-time sales of Fortnite skins and cosmetics that they argue aren't really limited time at all, creating a false sense of \"FOMO\"—a term actually used in the lawsuit—for Fortnite's younger players.\n\nLike many in-game cosmetic storefronts, Fortnite will have daily or otherwise limited-time sales with live timers counting down the life of the discount.\n\nThe lawsuit alleges that, in many cases, these items \"remained available for purchase, often at the same purportedly discounted rate, for many days or even weeks at a time.\"", "rating": 0}}, {"model": "posts.post", "pk": 19, "fields": {"author": 1, "type": "news", "date": "2025-03-13T10:13:44.006Z", "title": "'Diversify your fashion endgame' with this Kingdom Come: Deliverance 2 mod that gives Henry fly new gambesons, pourpoints, and caftans", "text": "The last time I saw my version of Henry in Kingdom Come: Deliverance 2 he was covered in dirt and blood and wearing a pair of pants he stole off a corpse. Not exactly a fashion kingpin, let alone an actual king.\n\nAnd even for those who have been more successful with their Henry: he doesn't ever really exude drip, does he? As modder Laie puts it, maybe it's time to \"diversify your fashion endgame\" in KCD2.", "rating": 0}}, {"model": "posts.post", "pk": 20, "fields": {"author": 2, "type": "news", "date": "2025-03-13T10:14:16.717Z", "title": "There's hope yet for Classic Offensive after its Steam rejection: The team behind the Counter-Strike 1.6 revival mod is in touch with Valve about its 'concerns'", "text": "PC Gamer's Ted Litchfield expressed hope in January that there might be room for Valve to reconsider its rejection of Classic Offensive, an eight-years-in-the-making mod for Counter Strike: Global Offensive that aims to recreate the experience of Counter-Strike 1.6. And it's a good day for Ted, because an update posted today on X says Valve has made contact with the team over its \"concerns\" the mod may violate Steam guidelines.\n\nClassic Offensive mod team leader ZooL had been experimenting with Counter-Strike mods as far back as 2015: We first reported on Classic Offensive in 2016, and it was approved by Steam's defunct Greenlight program in 2017.\n\nWork has been continuing since, with the goal of taking the game back to something more akin to the GoldSrc era of Counter-Strike, sexed up with modern amenities and stripped of the weight of cosmetics and microtransactions that dominate CS:GO in its current form.", "rating": 0}}, {"model": "posts.post", "pk": 21, "fields": {"author": 3, "type": "news", "date": "2025-03-13T10:14:53.691Z", "title": "The best Sims 4 mods to expand your life sandbox", "text": "Whether your mods folder is empty or stuffed, this list of the best Sims 4 mods will top it off with yet more sim-life. It doesn't matter how many Sims 4 DLCs EA releases on us, modders will always be tweaking and expanding the base game with endless new fanciful visions until the much anticipated arrival of the next Sims game Project Rene.", "rating": 0}}, {"model": "posts.post", "pk": 22, "fields": {"author": 4, "type": "news", "date": "2025-03-13T10:15:55.477Z", "title": "The best Stardew Valley mods", "text": "Stardew Valley has become the king of all farming simulators, and even eight years since its release it is still being picked up by new players. It certainly helps that the game has had a consistent stream of content to keep things fresh and keep farmers on their toes, especially with the launch of the huge 1.6 update.\n\nNow, tasks on the farm and adventures that await beyond Ginger Island are never in short supply, and to make the process even more streamlined, a devoted modding community has been working away to tailor farm life to whatever needs you may have. With everything from quality-of-life adjustments to total farm re-dos, there's a whole world of mods waiting for you.", "rating": 0}}, {"model": "posts.post", "pk": 23, "fields": {"author": 1, "type": "news", "date": "2025-03-13T10:16:49.174Z", "title": "Johnny Silverhand is coming to Fortnite and yup, he's got a suitcase nuke", "text": "Fortnite is ostensibly a battle royale game in which players fight within the confines of a slowly constricting circle until only one remains. But it's more notable as a theater for pop culture crossovers: Witness, in 2024 alone, the inclusion of Lady Gaga, the Cybertruck, Kamala Harris, Skibidi Toilet, and in case you'd forgotten what time of year it is, Mariah Carey. There's no rhyme or reason to it that I can ascertain beyond \"the kids like this, right?\" (and money, of course) and so while I can't say it's not unexpected, I'm also not all that surprised that dead rockerboy-slash-terrorist Johnny Silverhand will soon join the fray.\n\n\"We're expecting some guests from Night City,\" Epic teased, and while no further details have been shared, it sure looks like both Johnny and V will be joining in on the fun.", "rating": 0}}, {"model": "posts.post", "pk": 26, "fields": {"author": 4, "type": "news", "date": "2025-03-27T14:13:39.560Z", "title": "Новая новость.", "text": "фвдаофывдлаофвыдалофвыадлофвадлфоадлфвофвлдоафдвылоафдлываофывдлоафывлдаофыдлваофдывлаофлдываофлдывоа", "rating": 0}}, {"model": "posts.post", "pk": 27, "fields": {"author": 3, "type": "news", "date": "2025-03-27T14:15:09.064Z", "title": "Новость 1", "text": "Новость 1Новость 1Новость 1Новость 1Новость 1Новость 1Новость 1Новость 1Новость 1Новость 1Новость 1Новость 1Новость 1Новость 1Новость 1Новость 1Новость 1Новость 1Новость 1Новость 1Новость 1Новость 1Новость 1Новость 1Новость 1Новость 1Новость 1Новость 1Новость 1", "rating": 0}}, {"model": "posts.post", "pk": 28, "fields": {"author": 3, "type": "news", "date": "2025-03-27T14:15:31.160Z", "title": "Новость 2", "text": "Новость 2Новость 2Новость 2Новость 2Новость 2Новость 2Новость 2Новость 2Новость 2Новость 2Новость 2Новость 2Новость 2Новость 2Новость 2Новость 2Новость 2Новость 2Новость 2Новость 2Новость 2Новость 2Новость 2Новость 2Новость 2Новость 2", "rating": 0}}, {"model": "posts.post", "pk": 29, "fields": {"author": 3, "type": "news", "date": "2025-03-27T14:15:45.190Z", "title": "Новость 3", "text": "Изменённая новость.", "rating": 0}}, {"model": "posts.post", "pk": 30, "fields": {"author": 4, "type": "posts", "date": "2025-04-02T11:40:52.375Z", "title": "Final_Celery_TEST", "text": "I love Celery I love Celery I love Celery I love Celery I love Celery I love Celery I love Celery I love Celery I love Celery I love Celery I love Celery I love Celery I love Celery I love Celery I love Celery I love Celery I love Celery", "rating": 0}}, {"model": "posts.post", "pk": 31, "fields": {"author": 4, "type": "news", "date": "2025-04-28T12:41:55.837Z", "title": "ДОЖДЕВОЕ ЧУДО", "text": "Одно из самых сильных впечатлений моего детства – пробежавшая рядом дождевая тучка. Я видела кромку дождя так близко, что достаточно было протянуть ладонь… Не успела. Вижу как сейчас: разрывные нити, чуть наискосок, летят вперёд, не разбирая дороги. Мчатся мимо нас с мамой куда-то вдаль, туда, где ждут полива летние травы. Спешат, возможно, к нашей любимой земляничной полянке, неожиданно появившись среди вкусно пахнущего солнечного дня.\r\n     Событие это длилось несколько мгновений, но осветило всю мою жизнь. Так нечто потрясающее не даёт покоя, оставаясь до конца непознанным и оттого волшебным. Я словно заглянула в тайну небес, а они, приоткрыв влажную тёмную завесу, отпустили погулять маленькую проказливую тучку, которая лихо прокатилась, едва не задев меня, указывая неведомую дорогу. Куда?..\r\n     С тех пор я взволнованно отношусь к великому дару природы, ко всем её проявлениям. Пронёсшийся рядом дождь – граница двух миров, радости и печали, солнечного света и лёгких слёз. Тучка явно здоровалась с нами и желала доброго пути…\r\n\r\n     Много лет прошло с тех пор. Немало чудес природы довелось мне увидеть, включая звездопад в горах. Но чудо проскользнувшего дождя не повторилось ни разу не только со мной, но и ни с кем из моих знакомых. Может быть, вам повезёт?", "rating": 0}}, {"model": "posts.category", "pk": 1, "fields": {"name": "биография", "subscribers": [8]}}, {"model": "posts.category", "pk": 2, "fields": {"name": "животные", "subscribers": [8]}}, {"model": "posts.category", "pk": 3, "fields": {"name": "рецепты", "subscribers": [8]}}, {"model": "posts.category", "pk": 4, "fields": {"name": "происшествия", "subscribers": [8]}}, {"model": "posts.category", "pk": 5, "fields": {"name": "природа", "subscribers": []}}, {"model": "posts.postcategory", "pk": 1, "fields": {"category": 1, "post": 1}}, {"model": "posts.postcategory", "pk": 2, "fields": {"category": 2, "post": 1}}, {"model": "posts.postcategory", "pk": 3, "fields": {"category": 1, "post": 2}}, {"model": "posts.postcategory", "pk": 4, "fields": {"category": 2, "post": 2}}, {"model": "posts.postcategory", "pk": 5, "fields": {"category": 4, "post": 3}}, {"model": "posts.postcategory", "pk": 6, "fields": {"category": 1, "post": 4}}, {"model": "posts.postcategory", "pk": 7, "fields": {"category": 2, "post": 4}}, {"model": "posts.postcategory", "pk": 8, "fields": {"category": 4, "post": 26}}, {"model": "posts.postcategory", "pk": 9, "fields": {"category": 3, "post": 27}}, {"model": "posts.postcategory", "pk": 10, "fields": {"category": 4, "post": 27}}, {"model": "posts.postcategory", "pk": 11, "fields": {"category": 1, "post": 28}}, {"model": "posts.postcategory", "pk": 12, "fields": {"category": 2, "post": 29}}, {"model": "posts.postcategory", "pk": 13, "fields": {"category": 1, "post": 30}}, {"model": "posts.postcategory", "pk": 14, "fields": {"category": 2, "post": 30}}, {"model": "posts.postcategory", "pk": 15, "fields": {"category": 3, "post": 30}}, {"model": "posts.postcategory", "pk": 16, "fields": {"category": 4, "post": 30}}, {"model": "posts.postcategory", "pk": 17, "fields": {"category": 5, "post": 31}}]